"","gene1","gene2","p.value","q.value"
"3","KRAS","EGFR",5.29841360207026e-07,3.3699313025135e-05
"5","NF1","KRAS",2.17267276341427e-05,0.00144705206358165
"7","TP53","KRAS",3.91893460551477e-05,0.00216537770736421
"6","SMARCA4","KRAS",0.000121227181609125,0.00620664897696088
"1","TP53","ATM",0.000345181848364508,0.0166365929991522
"4","KRAS","KMT2C",0.000692979000399014,0.0366295761504245
"2","KRAS","BRAF",0.00101045640556509,0.0481512340621613
